email,alternateEmail,password,username,confirmation_code,confirmed,firstName,lastName,alternateFirstName,supervisorEmail,companyUserIdentifier,isSupervisor,isValidator,isActive,defaultLang,level,notify,companyId,supervisorId,externalId,approverId,defaultLocationId
douglas.rolfson@example.org,pagac.ashlee@example.org,user,douglas.rolfson,b95c05f09018e7d91c5a67c8d66b68f4,1,Britney,Prosacco,Larissa,leon62@example.org,2,0,0,1,en,0,0,3,3,\N,1,52
uwalker@example.net,bernier.bridget@example.com,user,uwalker,69aeb8ee86b7a3aebec52c8f8d4b49ef,1,Fletcher,Eichmann,Rahul,howe.dayna@example.net,3,0,1,1,en,0,0,2,2,\N,3,53
cartwright.cydney@example.org,stanton.tromp@example.org,user,cartwright.cydney,dd54b6c9ced8a640dfbd01f2f3d413fc,1,Bobby,Hamill,Jacques,upton.edmond@example.org,1,1,1,1,en,0,0,3,2,\N,3,54
hauck.clair@example.net,dietrich.rocky@example.com,user,hauck.clair,3d37a1bacd0e477b5611ecdf6f41752c,1,Alden,Crist,Heaven,vinnie.bogisich@example.com,2,0,1,1,en,0,0,3,2,\N,1,55
chanel68@example.net,stone14@example.com,user,chanel68,1464d4d1dc45cdb72113eeb5947173c7,1,Grace,Brekke,Holden,hahn.onie@example.net,5,1,0,1,en,0,0,4,2,\N,1,56
kuphal.rafaela@example.com,oconnell.sammy@example.com,user,kuphal.rafaela,374852c4d0da8185ac756bf8176d3a20,1,Charlene,Langworth,Lamar,gabriel01@example.com,2,0,1,1,en,0,0,2,2,\N,5,57
vkovacek@example.net,vpaucek@example.com,user,vkovacek,77255c0c92a85b148ef8bf8cfe8581ac,1,Lexie,Willms,Roy,clemens48@example.com,1,1,1,1,en,0,0,3,5,\N,1,58
,,,,,,,,,,,,,,,,,,,,,
,,,,,,,,,,,,,,,,,,,,,
akohler@example.net,jeramie97@example.org,user,akohler,25f4ae184e4a4ff0016ae629c3c0afa2,1,Lysanne,Reichert,Carol,aufderhar.eulah@example.org,0,0,0,1,en,0,0,5,1,\N,4,59
glen81@example.org,lucas94@example.org,user,glen81,f0dcefa9273b9e408a05fac70212953b,1,Zechariah,Beier,Rick,will.susie@example.com,2,0,0,1,en,0,0,2,3,\N,4,60
velma.kris@example.com,orie.blick@example.org,user,velma.kris,d33f0b2f29da859358444434c2d098f1,1,Travis,Bradtke,Bert,luther.mayert@example.com,4,0,1,1,en,0,0,2,5,\N,3,61
chudson@example.org,tlarkin@example.net,user,chudson,c72d6fa03a15ea23b409910b71458c67,1,Dessie,Wyman,Arno,adelle.berge@example.com,1,0,1,1,en,0,0,4,2,\N,1,62
blaze.wolff@example.net,mustafa04@example.com,user,blaze.wolff,40376328907d684286d054c1603f057f,1,Lavon,Wehner,Karlie,therese80@example.org,2,1,0,1,en,0,0,2,1,\N,4,63
cali.botsford@example.net,xlind@example.org,user,cali.botsford,f584b1d08c8819f0d726d5c8b6a7ed5d,1,Thaddeus,Mueller,Jolie,edward.kreiger@example.org,3,0,0,1,en,0,0,5,4,\N,3,64
milo.koelpin@example.com,samantha99@example.com,user,milo.koelpin,01bde4367a2241768c9bcd2e7eeed02a,1,Assunta,Daniel,Chloe,sister10@example.org,5,1,1,1,en,0,0,5,3,\N,1,65
hessel.muriel@example.com,daniel.kaylin@example.net,user,hessel.muriel,02f1b9c2b80aba2761cb22050932ea05,1,Princess,Witting,Nico,johnston.karina@example.com,4,1,1,1,en,0,0,3,4,\N,3,66
jconn@example.org,willow55@example.org,user,jconn,dc57149aed92b59af39309bdf07abf4f,1,Margarete,Botsford,Alan,tmosciski@example.com,4,1,1,1,en,0,0,4,3,\N,1,67
mohammed57@example.com,showell@example.com,user,mohammed57,10318b3a3bb1b4e9a103b1e82840f938,1,Stewart,Waelchi,Buck,dickens.toy@example.com,1,0,0,1,en,0,0,5,3,\N,4,68
cmiller@example.org,nhyatt@example.com,user,cmiller,9e1ee6c85e7cc61b9a79b665fee44e3f,1,Coralie,Gottlieb,Enos,chester75@example.org,3,0,0,1,en,0,0,3,4,\N,4,69
april13@example.com,maryse.ward@example.org,user,13-Apr,579eb4ced10856283a5c7b4a2bd5ffec,1,Estell,Bins,Adrain,emclaughlin@example.org,1,1,1,1,en,0,0,5,2,\N,2,70
waelchi.tyler@example.com,srussel@example.com,user,waelchi.tyler,8a4635df1e506dfda6e1de11041ed9d4,1,Sandrine,Murphy,Jo,ykozey@example.net,1,0,1,1,en,0,0,3,1,\N,4,71
